"1211247141","1053414875","3706110738","2457765450","1229936988","4258061669","1395120493","947711205","2863621409","2728237942","2161930103","1764408686","1530187334","3596508860","3918028100","3684478367","1493122367","2261082357","1381604252","3602268595","2222437953","2717377292","3073419881","2390427512","965206345","4118141514","2419336320","3820561106","2750993924","3615196120","2173866158","2770019226","2575934978","3727142415","1651638648","2890885873","3517691801","1283532413","368246617","1493362434","2456845279","3984708870","1406647611","1496074168","1915971619","3651983544","474259412","1216171164","4068056381","2417940799","9358475","184889828","660465077","2692998386","4065344952","966891467","1559985822","3215946516","2685550129","489941605","355255243","2219760733","2559223658","3927234186","3134596450","4172713444","3947185407","2861454642","4061129663","1273269589","965842924","3471724997","2226308822","1666227118","3760658422","2781753583","860972465","2108526925","3281546896","336800350","2973811257","1506718291","1181732328","4189354820","2061505111","4242573800","2938022076","1803388502","893714482","3988241022","2849096070","1391324078","3812510979","106787327","3026848393","4264990770","3526826106","4216908972","1075170830","1991615726"
21,21,21,21,21,21,21,21,21,21,21,21,21,21,21,21,21,21,21,21,21,21,21,21,21,21,21,21,21,21,21,21,21,21,21,21,21,21,21,21,21,21,21,21,21,21,21,21,21,21,21,21,21,21,21,21,21,21,21,21,21,21,21,21,21,21,21,21,21,21,21,21,21,21,21,21,21,21,21,21,21,21,21,21,21,21,21,21,21,21,21,21,21,21,21,21,21,21,21,21
21,21,21,21,21,21,21,21,21,21,21,21,21,21,21,21,21,21,21,21,21,21,21,21,21,21,21,21,21,21,21,21,21,21,21,21,21,21,21,21,21,21,21,21,21,21,21,21,21,21,21,21,21,21,21,21,21,21,21,21,21,21,21,21,21,21,21,21,21,21,21,21,21,21,21,21,21,21,21,21,21,21,21,21,21,21,21,21,21,21,21,21,21,21,21,21,21,21,21,21
21,21,21,21,21,21,21,21,21,21,21,21,21,21,21,21,21,21,21,21,21,21,21,21,21,21,21,21,21,21,21,21,21,21,21,21,21,21,21,21,21,21,21,21,21,21,21,21,21,21,21,21,21,21,21,21,21,21,21,21,21,21,21,21,21,21,21,21,21,21,21,21,21,21,21,21,21,21,21,21,21,21,21,21,21,21,21,21,21,21,21,21,21,21,21,21,21,21,21,21
21,21,21,21,21,21,21,21,21,21,21,21,21,21,21,21,21,21,21,21,21,21,21,21,21,21,21,21,21,21,21,21,21,21,21,21,21,21,21,21,21,21,21,21,21,21,21,21,21,21,21,21,21,21,21,21,21,21,21,21,21,21,21,21,21,21,21,21,21,21,21,21,21,21,21,21,21,21,21,21,21,21,21,21,21,21,21,21,21,21,21,21,21,21,21,21,21,21,21,21
21,21,21,21,21,21,21,21,21,21,21,21,21,21,21,21,21,21,21,21,21,21,21,21,21,21,21,21,21,21,21,21,21,21,21,21,21,21,21,21,21,21,21,21,21,21,21,21,21,21,21,21,21,21,21,21,21,21,21,21,21,21,21,21,21,21,21,21,21,21,21,21,21,21,21,21,21,21,21,21,21,21,21,21,21,21,21,21,21,21,21,21,21,21,21,21,21,21,21,21
21,21,21,21,21,21,21,21,21,21,21,21,21,21,21,21,21,21,21,21,21,21,21,21,21,21,21,21,21,21,21,21,21,21,21,21,21,21,21,21,21,21,21,21,21,21,21,21,21,21,21,21,21,21,21,21,21,21,21,21,21,21,21,21,21,21,21,21,21,21,21,21,21,21,21,21,21,21,21,21,21,21,21,21,21,21,21,21,21,21,21,21,21,21,21,21,21,21,21,21
21,21,21,21,21,21,21,21,21,21,21,21,21,21,21,21,21,21,21,21,21,21,21,21,21,21,21,21,21,21,21,21,21,21,21,21,21,21,21,21,21,21,21,21,21,21,21,21,21,21,21,21,21,21,21,21,21,21,21,21,21,21,21,21,21,21,21,21,21,21,21,21,21,21,21,21,21,21,21,21,21,21,21,21,21,21,21,21,21,21,21,21,21,21,21,21,21,21,21,21
26,21,21,24,21,22,21,21,21,25,22,24,21,25,21,22,22,22,21,23,21,22,24,21,21,21,22,24,24,25,21,24,21,22,22,22,21,21,21,21,21,21,21,21,21,23,23,21,21,22,21,25,27,21,21,22,21,21,21,21,21,21,24,21,21,21,21,23,21,21,22,21,21,21,21,23,21,21,21,21,21,21,22,21,22,21,24,22,21,21,21,21,23,21,21,21,24,21,21,21
27,22,28,26,22,28,27,22,22,30,25,25,22,32,21,33,26,24,22,26,24,27,26,25,23,21,34,28,24,31,22,25,25,23,23,25,21,21,24,22,21,23,23,22,23,32,26,21,24,22,25,29,30,23,23,25,25,21,22,30,27,22,35,21,29,22,22,25,24,21,27,22,21,25,23,26,24,22,26,27,24,21,23,26,26,21,31,23,23,21,24,23,24,21,22,24,26,26,21,25
34,25,30,37,26,37,34,27,28,33,30,28,28,38,21,37,28,27,31,27,25,29,27,29,24,21,38,31,24,44,22,27,29,25,27,36,37,34,29,28,25,26,26,27,29,36,35,29,31,23,29,36,34,31,34,26,31,27,23,33,31,29,39,23,34,27,25,30,30,23,36,24,30,30,34,29,31,26,31,40,28,25,26,34,31,25,38,25,34,26,39,28,29,22,31,24,28,28,26,30
48,29,36,43,40,38,39,34,33,38,37,29,30,49,27,39,32,36,33,34,35,30,36,36,30,24,42,34,25,55,23,29,33,26,33,43,47,39,36,32,33,30,32,38,32,45,39,32,40,26,36,47,36,43,49,27,42,30,28,36,33,33,44,33,37,35,29,39,33,29,41,33,45,33,50,33,43,29,34,43,31,35,34,40,33,35,44,38,40,26,45,33,40,29,42,30,33,44,38,36
56,38,39,51,49,47,44,42,38,43,43,37,37,56,31,41,40,42,47,40,43,38,39,42,38,35,59,41,30,60,32,39,43,30,39,49,52,41,39,40,38,38,39,43,39,56,40,36,45,28,40,51,44,51,61,31,52,33,35,44,34,40,44,48,44,44,37,54,36,36,47,44,55,42,53,43,51,36,40,44,38,39,44,50,35,45,51,43,45,33,54,48,42,38,48,38,36,49,43,43
66,48,50,57,64,54,53,55,42,51,48,51,43,67,39,50,45,56,58,40,46,48,46,48,46,47,67,46,38,67,43,48,56,43,47,49,52,48,40,52,45,47,42,47,45,57,41,41,52,39,41,52,50,58,69,36,59,45,51,56,39,45,48,52,50,46,39,66,42,39,51,53,66,51,58,48,61,44,53,45,42,54,50,64,50,53,56,49,49,43,64,65,54,50,55,44,40,52,63,46
69,63,60,63,69,63,61,55,50,56,54,60,50,73,45,61,58,67,66,47,54,51,47,56,51,58,71,56,45,71,59,56,67,48,53,57,56,56,45,56,50,61,49,56,51,63,44,59,60,47,50,59,62,70,76,52,68,47,58,61,46,49,51,60,57,53,48,69,52,48,60,60,77,53,58,49,66,46,56,49,50,66,56,68,56,53,57,60,58,45,69,75,60,65,64,55,47,59,74,50
71,65,65,67,80,66,63,61,51,63,59,64,54,76,50,67,62,74,68,56,58,54,51,64,58,62,73,63,48,71,66,57,69,53,58,61,60,62,50,62,51,62,52,59,54,65,47,62,64,54,53,62,63,71,76,60,73,57,59,66,53,55,52,64,60,55,53,71,57,48,60,63,81,61,60,51,68,49,60,50,50,72,57,70,57,58,62,65,61,49,70,80,64,70,66,56,49,65,75,55
71,67,67,76,82,67,69,68,51,63,64,65,55,80,54,70,64,78,73,61,62,58,56,73,62,68,76,68,51,73,69,57,71,57,60,65,63,70,56,63,56,62,57,62,57,66,54,63,66,60,56,70,66,71,77,61,75,65,62,72,59,58,55,65,63,57,61,72,64,52,62,64,85,65,63,54,69,55,66,56,53,75,61,75,58,64,68,69,62,52,71,82,70,72,69,59,55,68,80,55
71,67,71,78,85,70,72,69,51,64,68,68,59,83,55,79,65,83,74,66,62,59,61,75,66,71,88,68,52,76,72,58,74,60,62,69,65,70,60,63,57,64,62,65,58,78,59,69,69,63,62,72,71,72,77,69,77,66,62,77,69,64,58,69,63,57,65,73,68,62,72,66,87,66,67,60,70,57,71,62,56,76,64,77,61,65,73,70,70,54,76,90,71,76,74,59,56,69,87,58
72,69,73,79,85,70,73,71,51,66,69,69,59,92,56,79,68,83,74,68,63,64,66,77,67,72,91,72,58,80,74,63,77,61,63,69,69,75,60,63,57,66,62,65,64,84,60,70,75,64,69,77,74,76,77,72,81,69,63,78,69,68,62,70,68,60,66,77,71,66,77,72,87,66,79,60,74,58,71,62,56,77,68,84,64,65,80,75,73,55,79,92,71,76,74,63,57,69,88,59
72,69,77,91,91,74,73,86,54,68,70,75,62,99,59,80,69,83,79,70,64,71,74,90,68,77,98,75,63,86,75,65,87,66,66,72,74,75,67,66,61,66,66,70,67,85,61,72,79,65,70,83,82,79,87,76,88,70,63,82,70,75,75,74,76,65,68,82,73,69,83,75,88,68,88,60,77,60,74,65,60,77,73,93,68,71,85,80,78,56,86,99,74,77,78,68,59,71,88,60
80,70,88,97,107,85,89,89,56,70,74,85,65,103,62,94,71,89,86,74,69,78,83,96,72,83,119,84,64,89,75,70,95,69,69,74,82,78,69,72,66,75,74,74,73,93,73,80,83,72,74,87,91,84,92,78,100,76,64,84,78,75,85,81,80,72,68,86,73,71,88,81,91,70,94,63,92,68,83,78,63,81,75,106,70,74,94,83,85,57,96,103,82,84,86,68,61,84,92,66
95,72,100,113,118,95,97,98,67,78,85,91,66,111,67,100,73,100,103,81,88,83,90,99,76,90,126,92,71,105,78,86,103,71,75,79,89,84,72,74,77,88,74,86,74,104,76,98,86,73,74,99,102,96,105,81,110,83,66,88,82,79,101,87,96,77,70,95,83,79,94,90,99,77,106,66,109,79,91,87,73,89,78,119,81,84,102,85,92,62,109,113,89,89,93,69,68,86,103,80
109,92,108,125,125,101,104,102,73,89,92,101,68,131,71,105,80,104,109,83,103,88,97,107,78,90,127,94,77,117,88,103,108,76,81,84,94,93,77,82,85,90,75,89,80,110,80,99,87,81,82,109,111,108,112,87,118,86,78,99,86,83,105,90,102,84,75,101,91,81,108,99,117,83,115,73,119,87,106,92,77,96,87,129,89,92,108,91,108,71,118,125,102,100,100,75,77,95,117,88
120,100,109,134,139,102,115,107,79,90,102,112,80,140,76,116,94,121,120,86,111,97,107,114,90,93,136,97,82,139,95,105,113,84,89,101,109,95,83,83,96,101,84,96,82,117,89,105,98,89,94,113,119,118,130,98,122,89,90,109,95,103,117,102,116,89,77,111,97,84,112,114,137,93,127,81,137,94,124,104,82,105,103,141,98,92,114,96,123,79,125,137,123,106,106,84,82,105,128,98
140,112,120,144,164,114,132,114,86,98,109,119,82,159,81,143,102,149,133,91,128,105,113,121,99,105,146,122,93,161,104,117,125,89,105,105,116,108,98,102,116,112,94,117,89,136,91,114,107,98,103,126,124,132,144,105,142,94,100,129,99,117,132,113,129,95,87,128,104,92,116,133,159,111,141,87,153,100,137,106,96,133,113,156,112,101,140,109,126,83,136,154,139,117,118,88,90,113,149,112
149,126,129,156,186,126,142,122,91,100,127,131,88,166,85,156,106,170,148,109,142,107,117,140,111,126,159,140,105,175,113,127,135,93,124,114,126,121,109,130,123,132,105,134,97,148,110,133,121,118,105,136,135,152,153,118,150,108,123,150,108,119,143,130,142,98,105,149,116,103,126,144,173,122,153,97,160,106,147,119,100,150,129,173,120,108,152,122,149,96,149,162,146,126,132,97,103,127,169,131
160,139,143,167,198,136,156,136,101,111,142,143,106,173,90,161,118,173,161,121,151,118,129,157,120,148,167,147,118,187,135,139,150,98,136,122,136,133,121,140,127,143,121,144,100,157,121,142,133,138,107,144,146,164,159,130,157,123,133,157,117,122,151,143,155,108,119,162,120,117,140,158,181,134,159,109,179,113,162,130,108,165,139,183,134,118,157,131,163,104,161,174,156,138,150,109,112,139,182,135
171,152,155,183,202,147,159,141,109,126,155,152,112,193,107,170,133,194,171,132,156,132,136,167,125,158,185,164,121,202,148,148,155,111,144,131,143,143,131,142,134,146,128,153,105,166,124,145,139,144,112,161,157,178,164,138,168,137,138,162,135,132,153,158,162,116,130,173,135,138,151,165,188,149,161,109,189,121,176,135,117,174,149,194,148,128,162,140,173,113,182,187,161,153,162,118,121,146,200,139
179,156,162,203,213,151,166,157,112,133,163,158,119,203,117,182,147,204,183,138,162,141,137,178,138,166,198,175,130,208,163,156,166,121,152,133,157,151,146,149,138,154,134,159,117,175,129,154,146,157,122,172,165,181,175,151,174,154,142,173,148,145,163,167,172,118,135,188,150,152,161,171,193,155,172,110,200,138,192,147,124,179,158,212,148,138,175,149,182,120,201,203,165,158,177,131,129,157,210,141
187,158,169,224,222,155,174,164,115,142,176,165,128,215,122,187,152,216,188,151,168,144,150,186,146,173,206,184,132,211,166,158,173,128,159,143,168,155,153,162,149,164,143,166,123,187,133,170,152,162,130,175,166,184,185,157,185,160,146,186,154,154,175,175,178,126,144,191,155,161,170,175,200,167,184,114,211,151,203,156,129,189,170,221,153,146,184,160,187,125,208,211,174,165,184,140,135,165,217,152
197,160,172,248,232,162,184,168,118,145,187,172,135,225,124,204,165,228,195,156,181,151,157,202,149,179,231,193,145,224,174,164,190,139,161,147,176,162,160,166,154,169,155,175,129,196,144,184,160,172,138,183,179,193,195,164,195,176,150,193,160,165,183,183,185,133,149,197,157,170,183,181,208,172,193,122,215,161,214,163,135,194,176,238,165,151,194,171,195,125,217,218,179,170,186,147,144,170,224,167
209,169,187,265,263,163,208,183,125,155,192,184,141,249,134,220,178,242,218,161,195,164,173,220,157,192,246,211,154,246,194,196,203,146,165,154,188,174,163,181,174,173,167,192,145,207,165,209,167,179,139,199,206,204,200,168,207,181,156,211,173,169,199,189,194,148,159,201,167,176,196,195,214,175,219,129,232,169,230,178,153,203,190,278,172,156,211,182,210,132,231,237,191,176,202,151,150,172,239,177
225,183,198,291,286,171,218,199,131,167,205,205,154,277,144,241,193,260,228,168,222,175,192,236,160,208,257,218,160,264,211,210,211,152,173,160,207,180,165,192,190,190,176,203,149,218,174,234,177,189,153,207,225,218,213,181,235,184,171,231,188,180,222,206,224,158,164,216,184,184,199,210,226,189,229,139,254,185,242,195,165,215,204,306,185,167,228,188,230,137,255,253,204,187,221,161,164,183,266,191
248,193,221,307,318,184,237,207,149,183,218,224,161,291,155,256,203,288,241,185,242,195,209,249,171,219,276,229,180,303,228,217,224,154,188,167,223,192,181,200,212,210,186,233,158,236,185,248,196,195,170,212,240,240,238,194,247,199,179,244,206,207,251,221,244,166,174,238,201,198,207,238,249,211,246,151,284,199,267,204,180,241,225,324,202,171,250,208,249,147,275,274,232,198,244,167,181,199,288,211
270,202,231,325,346,202,280,218,171,202,236,256,175,309,167,270,212,323,254,198,278,207,226,266,182,242,293,244,203,332,243,225,246,161,198,180,242,203,203,219,241,228,200,249,165,242,203,268,211,204,182,225,258,265,260,205,267,231,201,260,220,224,276,231,274,173,186,249,211,211,222,266,282,238,261,159,323,225,297,210,183,270,238,358,227,184,284,228,264,155,291,295,251,211,266,175,192,215,319,226
288,225,253,356,381,216,311,234,184,211,259,283,187,331,179,291,219,363,286,219,314,216,242,289,195,259,328,283,221,356,256,236,279,171,219,200,270,217,228,247,256,245,229,260,176,267,224,295,229,219,190,248,280,276,279,221,290,258,221,299,235,243,286,260,310,185,199,266,226,232,241,288,306,256,288,174,357,245,323,234,202,304,264,400,246,196,310,247,291,179,316,316,272,240,287,185,207,241,334,238
300,244,267,381,409,229,328,242,190,223,274,306,194,345,190,314,240,391,305,234,336,229,257,305,210,276,363,300,240,380,274,253,294,188,248,228,288,231,242,261,274,256,239,280,187,285,242,312,244,241,205,264,297,307,303,233,302,277,243,320,252,255,303,280,331,199,206,280,246,240,262,303,331,268,310,179,378,261,340,251,212,327,285,420,258,203,332,264,304,187,333,342,290,254,308,195,215,262,359,256
318,262,280,417,439,249,351,251,202,232,296,319,211,368,209,346,255,413,316,251,356,237,289,320,226,295,383,317,255,414,294,269,305,201,272,240,298,246,266,273,289,268,256,295,201,297,252,345,255,269,219,285,321,332,333,250,314,290,267,347,266,273,331,307,350,214,221,308,262,251,273,328,354,288,322,188,405,271,361,258,218,359,297,442,274,210,354,278,318,199,364,355,314,279,337,210,228,278,379,271
342,283,301,447,457,268,369,266,218,244,317,339,226,405,229,371,275,442,348,269,391,255,311,341,246,328,402,355,270,461,315,306,332,229,291,251,307,265,284,294,298,296,272,317,220,324,271,362,265,296,229,312,332,356,355,269,341,307,290,365,288,290,350,328,368,227,248,335,285,270,292,348,378,317,344,216,433,280,395,268,228,386,325,461,292,224,372,303,349,212,402,384,328,301,372,236,251,291,399,292
372,298,336,485,478,287,389,283,236,265,334,348,238,439,249,401,300,477,380,290,402,276,327,386,263,349,431,373,288,496,328,326,360,247,312,257,332,287,304,319,316,316,297,352,232,357,302,380,285,318,242,339,340,382,383,291,359,341,310,388,306,327,376,347,388,250,269,359,317,285,318,367,400,342,373,234,453,291,430,295,243,417,361,490,327,232,392,330,374,227,439,409,347,327,402,258,267,314,418,308
405,310,359,507,510,306,416,304,253,278,358,365,270,470,261,442,316,507,406,308,422,300,346,416,274,372,463,391,313,525,364,352,393,277,335,267,368,317,320,331,346,332,328,373,252,391,319,416,297,345,256,364,356,408,418,308,375,357,330,424,328,346,399,367,414,279,285,390,338,318,337,386,415,374,390,251,464,311,461,315,262,449,386,520,341,249,420,350,412,234,466,437,365,361,425,276,288,333,448,342
431,333,382,535,552,321,440,344,278,295,379,392,291,508,289,458,346,541,427,333,445,327,375,451,295,389,501,422,325,541,393,379,425,289,350,284,389,346,349,353,367,344,352,393,264,411,334,465,314,362,272,389,404,440,450,324,394,385,336,458,346,384,441,386,446,303,304,410,363,344,368,411,442,402,414,259,501,351,495,338,279,469,408,559,352,269,453,380,437,252,489,473,397,379,449,297,311,353,477,364
464,348,404,555,588,341,475,357,291,322,404,425,315,539,319,473,368,579,453,353,480,349,401,493,308,414,542,444,355,565,424,413,458,313,372,301,424,370,364,376,401,361,373,430,283,427,345,500,322,377,293,417,437,473,476,345,434,401,354,486,378,414,487,414,481,325,326,431,395,361,406,452,466,430,443,275,536,380,533,355,311,488,437,605,383,289,475,395,454,268,520,524,421,393,488,311,328,368,503,380
491,367,423,599,632,361,501,400,303,345,426,451,329,562,334,498,399,599,477,377,508,371,439,526,321,425,564,461,385,591,452,426,472,324,387,320,443,389,375,393,427,379,408,458,305,459,362,531,327,396,318,437,468,493,506,363,463,440,383,523,411,439,525,440,515,332,346,459,411,378,425,485,493,443,464,289,592,415,568,373,326,511,452,662,396,306,503,415,473,280,548,562,457,410,502,325,347,396,522,404
508,379,443,633,688,383,531,424,320,379,445,478,353,599,356,527,423,631,498,405,532,399,459,549,335,458,600,486,399,640,481,450,496,342,415,336,464,408,402,414,457,403,431,487,319,481,380,570,353,423,333,462,510,517,531,383,488,475,410,558,446,471,550,470,552,346,359,478,445,393,460,504,527,470,483,300,623,446,597,393,348,538,488,712,416,323,528,447,502,288,574,581,483,423,519,336,371,411,566,427
545,412,473,700,742,403,597,435,354,396,481,532,368,651,378,585,454,679,529,438,594,430,501,591,358,491,648,540,428,702,516,473,538,359,449,367,524,443,434,448,498,420,458,508,334,514,408,619,384,457,358,491,545,568,563,412,533,506,453,604,472,509,571,498,616,380,377,514,465,416,495,544,555,509,531,311,686,491,628,420,366,576,520,748,435,337,574,489,543,310,622,636,514,438,560,350,384,446,611,459
584,439,522,751,787,421,662,466,390,424,513,603,409,693,402,623,485,737,572,475,655,459,535,641,393,521,701,584,459,744,542,529,575,379,492,409,551,481,478,480,553,447,487,539,354,547,428,677,409,493,379,514,575,614,608,433,569,546,496,643,507,556,599,543,658,405,412,550,496,435,526,590,625,548,589,327,761,545,666,463,390,622,556,808,478,366,615,516,584,331,674,686,548,478,615,366,415,493,683,507
641,466,560,810,839,445,711,480,435,466,554,650,426,758,434,671,499,811,619,506,708,493,583,693,419,547,768,634,512,805,584,563,626,402,543,431,589,500,517,521,578,489,533,588,383,592,461,720,442,528,404,544,607,664,644,464,608,611,542,680,544,600,662,597,713,431,464,584,541,464,559,642,687,588,636,358,816,576,699,498,419,696,615,892,517,394,671,557,633,348,714,731,588,528,664,400,459,536,733,531
688,505,599,859,911,479,753,502,474,495,596,693,451,826,458,713,534,914,667,537,763,527,647,733,446,587,820,675,565,865,633,580,671,438,582,457,629,534,556,569,621,530,564,647,403,620,497,767,475,582,427,594,664,707,717,495,652,654,592,719,581,634,721,666,760,470,498,619,586,480,608,701,726,653,681,391,882,603,762,519,451,768,676,959,577,420,723,596,660,361,782,784,632,583,717,440,501,558,780,577
749,546,636,920,973,534,797,548,512,517,634,734,502,880,493,780,569,1017,715,571,816,557,696,784,464,632,880,724,604,927,672,616,731,477,620,481,666,577,605,619,657,580,634,687,434,678,540,823,512,610,461,653,731,774,797,545,683,713,642,765,626,685,761,717,819,504,520,656,632,501,654,750,783,695,722,434,948,629,830,549,476,809,724,1019,632,462,777,647,724,409,843,838,687,632,772,493,541,592,827,615
787,585,665,960,1023,562,840,575,539,562,676,775,533,925,528,822,600,1069,754,599,863,579,729,814,489,690,931,781,645,985,728,664,774,507,650,513,720,612,629,667,698,608,682,721,470,728,569,877,530,650,487,704,766,821,861,576,711,750,674,817,657,731,793,766,852,532,547,701,665,532,674,788,811,737,752,458,993,664,879,576,494,854,776,1054,676,489,810,682,799,423,879,881,721,659,830,515,567,627,864,653
828,610,723,1015,1087,599,874,609,573,579,705,806,572,963,567,856,636,1141,788,638,909,623,760,859,522,729,989,823,681,1042,773,707,821,545,698,537,783,658,652,698,746,637,716,753,493,774,602,923,555,694,511,738,803,865,913,606,744,785,714,879,692,785,839,798,895,570,578,743,699,559,715,842,838,781,794,488,1042,716,922,601,521,908,822,1112,721,507,852,725,842,441,917,929,757,704,871,537,587,665,887,695
894,652,790,1081,1157,644,930,677,603,621,746,870,604,1030,624,924,689,1200,828,673,956,664,812,923,557,783,1042,897,731,1126,817,755,886,582,755,574,830,713,687,736,814,658,774,817,525,829,637,1004,580,746,561,803,851,927,969,640,804,844,751,917,762,859,906,858,955,607,603,798,765,613,773,896,893,848,846,516,1120,773,989,635,561,960,885,1198,758,534,910,795,894,485,969,994,817,753,931,575,633,705,939,754
967,690,847,1161,1237,686,999,743,645,654,775,921,638,1099,696,991,747,1287,886,725,1034,725,870,985,613,821,1140,952,772,1193,882,827,949,647,805,616,886,772,738,782,861,707,826,865,552,881,685,1098,603,800,597,861,908,978,1030,684,838,875,813,1003,841,920,989,916,1031,649,646,846,817,666,824,961,950,899,912,538,1227,825,1074,691,589,1006,938,1282,808,570,981,857,952,519,1050,1076,877,791,1006,610,671,759,1010,807
1020,713,899,1246,1307,742,1068,780,687,701,833,976,693,1208,746,1045,798,1354,945,771,1088,782,944,1086,639,874,1215,1020,815,1274,948,896,1020,695,842,639,973,827,793,817,943,759,878,911,588,934,726,1186,646,869,642,914,976,1053,1080,736,883,925,850,1075,928,986,1051,986,1117,693,698,903,863,712,873,1006,994,952,966,567,1310,892,1161,745,631,1060,990,1371,875,610,1051,909,1022,544,1129,1147,933,840,1077,647,711,822,1084,852
1088,761,956,1335,1406,787,1143,832,743,756,898,1050,764,1305,787,1117,839,1437,1009,843,1156,840,1023,1182,676,937,1304,1084,867,1362,1034,942,1095,749,897,676,1057,877,858,853,1013,810,932,981,626,995,761,1289,685,936,671,963,1054,1143,1158,786,955,984,889,1178,1007,1068,1142,1048,1234,731,754,964,930,751,930,1068,1084,1018,1010,605,1414,958,1228,798,673,1114,1069,1489,939,662,1115,970,1090,585,1200,1242,998,901,1153,687,744,885,1168,928
1158,800,1012,1446,1505,835,1250,891,789,827,970,1141,794,1398,825,1193,884,1538,1072,915,1240,908,1096,1287,720,1008,1391,1159,945,1459,1105,1010,1165,792,980,752,1112,944,912,904,1095,868,991,1052,671,1083,812,1383,740,1017,704,1027,1132,1221,1256,857,1030,1064,966,1269,1062,1135,1234,1129,1320,761,827,1025,976,789,1008,1152,1173,1093,1092,630,1519,1051,1324,848,713,1203,1153,1606,1000,713,1192,1034,1145,620,1276,1345,1091,978,1248,733,810,942,1255,987
1214,842,1073,1521,1604,887,1328,927,848,891,1033,1204,827,1468,870,1274,943,1641,1131,953,1325,970,1164,1371,766,1063,1478,1247,1003,1535,1164,1053,1233,818,1028,805,1163,987,975,958,1173,920,1034,1116,714,1157,861,1468,788,1064,751,1097,1209,1298,1321,893,1066,1123,1042,1326,1108,1224,1293,1215,1382,795,876,1072,1029,818,1076,1237,1248,1155,1165,663,1613,1120,1384,900,778,1289,1218,1722,1058,746,1256,1085,1207,647,1353,1413,1151,1033,1318,755,862,1003,1317,1030
1273,886,1147,1626,1698,941,1431,959,901,938,1105,1294,871,1552,906,1353,983,1743,1196,1026,1425,1017,1237,1431,818,1109,1558,1324,1082,1628,1221,1107,1299,868,1092,842,1238,1027,1030,1018,1232,969,1107,1188,744,1229,914,1556,812,1117,786,1165,1300,1368,1408,935,1107,1186,1139,1384,1152,1294,1375,1291,1468,843,926,1116,1091,856,1128,1307,1332,1227,1227,710,1706,1180,1463,951,827,1379,1283,1818,1129,788,1330,1149,1278,677,1446,1478,1221,1095,1392,800,911,1044,1398,1099
1368,957,1223,1764,1824,1020,1537,1025,990,998,1181,1404,924,1685,980,1440,1051,1913,1282,1100,1558,1095,1307,1511,879,1202,1694,1434,1166,1776,1319,1201,1413,927,1187,885,1351,1086,1128,1108,1291,1038,1202,1278,793,1314,982,1688,845,1192,834,1256,1391,1481,1543,1020,1182,1290,1224,1474,1256,1371,1484,1392,1572,923,982,1196,1158,914,1199,1407,1449,1366,1334,764,1827,1266,1550,1024,875,1493,1399,1935,1224,843,1432,1231,1392,723,1577,1578,1315,1195,1480,871,979,1118,1505,1202
1465,1031,1329,1879,1956,1085,1624,1090,1086,1045,1241,1514,970,1833,1040,1547,1108,2086,1389,1158,1691,1174,1389,1610,940,1276,1844,1555,1248,1911,1405,1306,1514,981,1284,962,1443,1168,1226,1211,1367,1131,1302,1368,867,1423,1051,1804,873,1276,900,1346,1463,1577,1664,1115,1242,1401,1306,1589,1325,1471,1565,1516,1660,997,1029,1282,1245,947,1276,1486,1553,1482,1429,817,1944,1354,1658,1090,930,1611,1527,2091,1328,893,1531,1309,1516,756,1662,1671,1428,1308,1612,931,1048,1198,1591,1276
1594,1113,1424,1970,2084,1165,1719,1151,1173,1106,1345,1597,1043,1944,1122,1658,1181,2254,1483,1225,1830,1240,1532,1715,994,1383,1948,1688,1336,2075,1522,1406,1609,1053,1396,1022,1559,1273,1298,1285,1489,1190,1409,1461,939,1513,1107,1927,945,1354,972,1427,1563,1683,1780,1187,1328,1501,1413,1715,1415,1585,1673,1619,1760,1059,1116,1390,1356,1021,1377,1616,1643,1577,1537,868,2086,1453,1778,1154,996,1707,1650,2244,1406,944,1617,1418,1616,815,1767,1781,1530,1408,1710,1011,1133,1293,1687,1350
1706,1184,1514,2078,2200,1269,1811,1217,1238,1193,1441,1693,1148,2079,1194,1777,1254,2402,1577,1317,1947,1307,1653,1840,1072,1491,2071,1800,1439,2200,1669,1530,1771,1141,1493,1085,1675,1381,1379,1394,1611,1285,1514,1578,981,1602,1180,2066,1005,1442,1035,1515,1662,1769,1896,1276,1419,1603,1505,1789,1550,1701,1775,1723,1849,1127,1183,1490,1446,1084,1454,1734,1732,1705,1641,940,2246,1547,1919,1199,1061,1815,1761,2384,1485,995,1726,1529,1724,879,1888,1918,1631,1499,1835,1076,1223,1362,1817,1441
1821,1261,1623,2213,2370,1371,1942,1324,1341,1265,1535,1790,1244,2248,1264,1872,1338,2570,1679,1408,2076,1374,1781,1943,1142,1605,2210,1924,1544,2361,1790,1634,1877,1239,1587,1168,1806,1478,1460,1485,1735,1361,1617,1663,1049,1697,1259,2233,1071,1570,1121,1642,1786,1885,2024,1361,1514,1690,1582,1920,1701,1831,1885,1849,1995,1207,1292,1608,1536,1183,1557,1861,1827,1813,1725,1011,2394,1652,2049,1287,1110,1949,1894,2556,1575,1068,1855,1621,1842,930,2030,2083,1711,1603,1984,1160,1322,1462,1938,1579
1920,1323,1722,2323,2489,1449,2042,1414,1411,1341,1608,1883,1329,2382,1358,1981,1409,2706,1769,1467,2165,1464,1874,2042,1218,1710,2343,2025,1614,2467,1888,1709,1985,1329,1671,1258,1902,1587,1548,1559,1843,1422,1704,1749,1104,1792,1337,2368,1110,1658,1196,1746,1874,1986,2116,1422,1581,1767,1670,2054,1822,1935,1975,1933,2111,1262,1373,1696,1617,1263,1655,1945,1918,1913,1810,1055,2521,1739,2203,1367,1162,2058,1994,2697,1661,1123,1948,1727,1933,982,2140,2218,1803,1678,2080,1215,1391,1543,2056,1687
2027,1395,1837,2448,2627,1529,2150,1510,1489,1398,1688,1982,1397,2492,1446,2123,1462,2865,1879,1560,2263,1545,1946,2161,1272,1817,2509,2124,1703,2630,2001,1802,2071,1411,1773,1331,2007,1681,1641,1626,1931,1511,1790,1872,1160,1925,1412,2484,1167,1761,1253,1840,1976,2080,2238,1477,1675,1855,1770,2175,1973,2050,2099,2037,2208,1319,1449,1789,1714,1318,1771,2034,2017,2016,1905,1128,2677,1838,2349,1465,1238,2161,2086,2861,1768,1187,2046,1835,2027,1028,2268,2334,1888,1764,2181,1281,1482,1656,2177,1758
2152,1512,1956,2630,2851,1654,2311,1609,1603,1498,1793,2158,1499,2659,1565,2305,1584,3060,1991,1668,2434,1685,2101,2325,1359,1915,2706,2260,1837,2837,2118,1933,2221,1523,1897,1424,2136,1783,1763,1761,2048,1626,1923,2023,1257,2062,1510,2671,1247,1875,1339,1966,2114,2279,2392,1564,1795,1996,1892,2332,2142,2196,2269,2189,2403,1393,1570,1912,1841,1411,1910,2170,2170,2153,2055,1197,2916,1991,2506,1571,1350,2320,2237,3079,1878,1258,2187,1969,2164,1121,2424,2496,2024,1905,2332,1357,1574,1768,2327,1898
2302,1610,2109,2822,3051,1791,2505,1710,1740,1632,1910,2349,1608,2853,1664,2476,1697,3272,2126,1785,2573,1806,2285,2526,1483,2018,2881,2423,1975,3045,2270,2090,2387,1609,1999,1514,2306,1910,1880,1889,2189,1754,2072,2144,1339,2173,1600,2866,1344,2008,1421,2105,2283,2483,2574,1667,1902,2146,2026,2515,2287,2363,2408,2336,2641,1481,1693,2027,1971,1484,2053,2329,2311,2314,2183,1275,3152,2169,2651,1679,1433,2493,2405,3271,1992,1361,2386,2105,2303,1193,2610,2667,2197,2040,2544,1452,1666,1897,2530,2027
2482,1720,2254,3033,3245,1899,2713,1814,1872,1764,2049,2521,1690,3072,1776,2632,1852,3515,2253,1923,2733,1943,2438,2716,1582,2134,3144,2584,2116,3257,2428,2249,2539,1712,2122,1619,2494,2019,2005,2014,2327,1890,2221,2265,1430,2346,1705,3068,1446,2171,1497,2249,2437,2668,2766,1804,2020,2308,2191,2684,2452,2551,2624,2493,2832,1607,1805,2169,2095,1597,2207,2489,2454,2471,2357,1330,3379,2288,2813,1826,1534,2652,2602,3511,2143,1454,2577,2253,2497,1240,2791,2893,2374,2217,2713,1588,1799,2016,2682,2170
2637,1810,2447,3259,3457,2026,2915,1912,2027,1868,2206,2701,1787,3330,1881,2806,1975,3759,2395,2048,2929,2079,2588,2928,1689,2284,3368,2773,2250,3505,2572,2404,2716,1829,2249,1750,2671,2150,2150,2143,2512,2020,2387,2441,1511,2535,1832,3294,1554,2314,1602,2404,2573,2834,2971,1977,2147,2469,2389,2845,2601,2753,2773,2673,3044,1761,1932,2335,2259,1727,2366,2682,2628,2668,2543,1427,3566,2452,3013,1966,1634,2833,2801,3773,2313,1573,2773,2394,2678,1317,3013,3085,2529,2347,2890,1683,1942,2145,2884,2301
2820,1911,2615,3456,3671,2163,3076,2018,2182,1999,2368,2903,1921,3578,1978,2960,2080,3984,2577,2209,3148,2251,2785,3134,1801,2436,3643,2977,2391,3780,2745,2587,2905,1926,2427,1848,2865,2306,2320,2281,2723,2151,2582,2630,1613,2728,1963,3513,1653,2489,1709,2564,2730,3028,3167,2123,2288,2662,2577,3038,2772,2964,2970,2893,3278,1905,2050,2512,2415,1837,2515,2877,2844,2889,2725,1531,3844,2653,3183,2092,1756,3043,3024,4030,2508,1678,2970,2555,2873,1401,3208,3312,2685,2524,3062,1806,2090,2291,3090,2475
2985,2013,2754,3627,3877,2304,3252,2104,2297,2097,2489,3044,2041,3767,2089,3135,2186,4220,2705,2332,3355,2384,2934,3290,1928,2591,3904,3163,2539,4012,2910,2715,3110,2029,2563,1958,3052,2454,2443,2406,2864,2274,2721,2783,1699,2850,2053,3711,1734,2627,1812,2715,2893,3217,3334,2256,2408,2826,2732,3200,2905,3112,3164,3057,3428,2040,2143,2619,2544,1941,2657,3029,3018,3078,2872,1614,4069,2803,3319,2197,1865,3218,3212,4282,2668,1755,3156,2715,3037,1493,3390,3518,2849,2678,3252,1910,2209,2411,3240,2614
3160,2123,2936,3812,4131,2427,3432,2207,2421,2224,2636,3228,2183,3965,2212,3293,2298,4477,2849,2446,3570,2503,3123,3454,2023,2771,4158,3357,2667,4255,3064,2853,3285,2156,2712,2067,3215,2619,2593,2577,3020,2405,2879,2952,1792,3004,2177,3928,1812,2789,1923,2857,3060,3392,3528,2395,2523,2968,2896,3385,3056,3293,3333,3232,3598,2151,2243,2758,2716,2038,2775,3216,3169,3256,3056,1701,4306,2948,3540,2300,1971,3416,3431,4548,2821,1848,3321,2888,3229,1553,3584,3674,3030,2844,3445,2046,2340,2523,3425,2778
3428,2265,3156,4049,4422,2620,3657,2360,2614,2367,2846,3424,2307,4206,2372,3537,2440,4867,3049,2606,3875,2681,3354,3675,2148,2963,4433,3640,2825,4580,3315,3073,3539,2332,2915,2217,3451,2819,2813,2771,3239,2573,3067,3147,1922,3207,2385,4240,1910,3004,2076,3051,3290,3602,3771,2568,2696,3196,3098,3631,3300,3523,3568,3498,3844,2294,2413,2997,2941,2176,2994,3461,3390,3488,3232,1803,4614,3158,3807,2448,2108,3641,3688,4901,3003,1947,3571,3082,3456,1659,3832,3911,3234,3065,3665,2189,2484,2712,3653,2992
3691,2445,3369,4347,4702,2819,3870,2535,2810,2504,3027,3657,2488,4468,2543,3813,2568,5224,3266,2806,4165,2848,3640,3935,2293,3176,4720,3947,3053,4854,3611,3301,3784,2514,3151,2367,3679,3028,3029,2941,3440,2776,3296,3339,2039,3434,2554,4557,2035,3237,2250,3273,3546,3860,4058,2804,2887,3411,3304,3913,3577,3768,3807,3766,4097,2447,2619,3209,3152,2315,3232,3678,3611,3765,3463,1907,4918,3395,4148,2652,2230,3907,3927,5283,3188,2068,3810,3330,3633,1790,4083,4191,3428,3255,3914,2314,2652,2927,3927,3248
3941,2636,3640,4620,5041,3000,4142,2666,3024,2644,3202,3942,2691,4745,2754,4034,2740,5599,3538,2978,4457,3027,3949,4238,2429,3420,5040,4216,3283,5220,3892,3538,4055,2696,3414,2534,3933,3212,3193,3142,3711,2955,3547,3527,2169,3699,2748,4915,2183,3430,2420,3511,3786,4092,4362,2985,3058,3623,3518,4206,3921,4028,4078,4005,4387,2603,2815,3432,3324,2471,3466,3882,3826,4062,3683,2012,5265,3625,4456,2846,2352,4158,4180,5635,3402,2223,4111,3596,3922,1910,4388,4445,3651,3493,4214,2458,2826,3172,4199,3510
4210,2804,3933,4945,5382,3188,4426,2879,3229,2835,3396,4193,2893,5107,2932,4304,2928,5970,3832,3165,4681,3218,4197,4522,2614,3668,5397,4474,3500,5576,4153,3771,4333,2877,3649,2700,4232,3432,3396,3355,3931,3160,3800,3812,2350,3953,2905,5209,2301,3685,2596,3753,4059,4345,4623,3151,3239,3883,3738,4457,4237,4302,4378,4277,4704,2755,3008,3682,3542,2683,3743,4163,4055,4328,3907,2168,5674,3894,4741,3018,2538,4436,4462,6002,3609,2385,4358,3833,4226,2035,4670,4783,3892,3719,4518,2636,3047,3423,4503,3738
4501,3011,4244,5288,5741,3449,4759,3101,3457,3029,3605,4519,3097,5518,3143,4651,3160,6385,4095,3436,4933,3499,4463,4828,2787,3871,5794,4787,3732,5972,4365,4082,4631,3051,3855,2911,4558,3690,3630,3582,4212,3414,4077,4074,2530,4213,3103,5548,2470,3982,2736,3989,4342,4660,4931,3379,3443,4152,4022,4740,4613,4601,4619,4564,5030,2950,3234,3935,3802,2867,4024,4475,4331,4629,4194,2326,6049,4201,5041,3198,2708,4722,4792,6422,3824,2531,4634,4107,4535,2192,4964,5154,4179,3966,4806,2820,3243,3694,4811,3992
4797,3168,4474,5554,6041,3668,5066,3282,3683,3197,3817,4794,3253,5836,3320,4914,3355,6751,4267,3614,5196,3708,4665,5135,2960,4069,6109,5056,3933,6327,4591,4308,4864,3214,4031,3076,4792,3881,3807,3776,4459,3609,4298,4299,2639,4434,3285,5864,2630,4176,2860,4201,4590,4910,5221,3544,3639,4367,4242,4992,4834,4878,4889,4790,5321,3122,3416,4140,4028,3027,4290,4726,4587,4926,4414,2450,6429,4420,5326,3376,2854,4968,5075,6790,4042,2671,4920,4319,4773,2304,5234,5455,4452,4155,5046,2967,3428,3879,5100,4233
5056,3325,4719,5868,6373,3904,5396,3448,3872,3387,4045,5051,3439,6183,3512,5153,3552,7103,4507,3842,5483,3915,4927,5435,3128,4280,6445,5321,4141,6683,4813,4541,5124,3407,4280,3241,5058,4106,4015,3980,4718,3800,4573,4517,2761,4660,3457,6181,2770,4407,3004,4446,4818,5199,5512,3745,3803,4606,4488,5270,5113,5173,5196,5050,5607,3320,3615,4361,4293,3187,4512,4970,4825,5166,4681,2608,6807,4641,5578,3575,2996,5215,5353,7186,4263,2799,5207,4558,4990,2407,5570,5763,4739,4352,5323,3121,3613,4083,5388,4480
5396,3538,5036,6298,6811,4181,5801,3687,4143,3634,4367,5373,3654,6607,3767,5498,3844,7686,4844,4133,5874,4224,5297,5805,3379,4563,6930,5658,4479,7188,5185,4894,5536,3656,4574,3461,5414,4373,4326,4260,5047,4072,4929,4855,2954,4961,3703,6589,2996,4733,3250,4801,5136,5602,5909,4068,4090,4963,4822,5628,5456,5584,5549,5434,6042,3579,3884,4668,4593,3420,4852,5300,5166,5497,5054,2836,7283,4992,5916,3829,3206,5675,5758,7651,4586,3024,5605,4855,5362,2569,5943,6138,5122,4662,5644,3403,3879,4368,5815,4771
5776,3755,5429,6729,7305,4480,6267,3938,4437,3881,4685,5751,3908,7090,4018,5881,4123,8205,5160,4419,6268,4542,5699,6180,3566,4845,7464,6069,4819,7656,5567,5264,5910,3894,4908,3707,5817,4661,4676,4571,5413,4410,5249,5173,3107,5309,3980,7044,3206,5058,3488,5114,5468,5995,6365,4373,4413,5293,5158,5999,5826,5961,5944,5861,6527,3815,4155,4993,4907,3630,5188,5681,5534,5950,5453,3042,7797,5361,6324,4076,3415,6056,6180,8244,4966,3239,5987,5163,5781,2742,6342,6548,5479,5029,5960,3657,4167,4626,6196,5081
6145,3991,5825,7207,7812,4815,6642,4150,4780,4146,5013,6134,4169,7576,4299,6327,4361,8781,5526,4692,6773,4853,6143,6656,3817,5206,8016,6499,5129,8200,5993,5605,6360,4126,5253,3947,6215,4996,5012,4885,5760,4711,5599,5536,3322,5650,4253,7551,3383,5418,3754,5469,5831,6429,6850,4707,4735,5668,5540,6455,6138,6415,6315,6272,6948,4131,4466,5362,5197,3899,5541,6041,5893,6428,5833,3212,8364,5748,6733,4387,3671,6505,6630,8821,5352,3459,6461,5562,6187,2916,6798,6984,5828,5384,6412,3960,4499,4946,6621,5453
6592,4248,6223,7728,8308,5174,7120,4439,5086,4412,5354,6515,4480,8104,4595,6770,4604,9441,5856,5040,7308,5197,6593,7128,4073,5579,8594,7013,5477,8827,6399,6043,6816,4407,5595,4227,6702,5396,5346,5199,6159,5047,5963,5852,3591,6057,4518,8086,3568,5837,4043,5840,6252,6872,7298,5066,5045,6056,5923,6953,6487,6912,6742,6721,7403,4450,4745,5769,5513,4190,5884,6440,6283,6923,6181,3409,8880,6161,7186,4664,3951,6917,7109,9516,5724,3718,6932,5987,6646,3087,7288,7495,6239,5826,6876,4218,4819,5273,7080,5856
7034,4547,6666,8229,8904,5512,7589,4748,5461,4681,5697,7003,4808,8609,4917,7225,4903,10090,6239,5380,7805,5590,7080,7648,4346,5965,9188,7513,5807,9436,6910,6418,7285,4721,5960,4489,7198,5841,5728,5649,6654,5383,6372,6223,3819,6480,4858,8636,3829,6231,4342,6287,6711,7360,7871,5413,5381,6467,6384,7425,6917,7392,7191,7258,7899,4733,5043,6165,5927,4508,6325,6942,6781,7371,6603,3632,9430,6565,7739,4981,4201,7416,7629,10212,6062,3967,7462,6409,7115,3291,7789,8051,6642,6266,7376,4508,5138,5631,7552,6284
7420,4812,7052,8657,9403,5810,7940,5020,5762,4908,6018,7375,5073,9050,5182,7619,5120,10617,6579,5650,8231,5869,7495,8053,4589,6291,9657,8018,6099,9961,7292,6752,7686,5000,6300,4749,7593,6141,6065,5990,7023,5701,6702,6548,4045,6864,5133,9104,4012,6630,4628,6609,7068,7766,8331,5742,5673,6808,6720,7828,7306,7799,7574,7664,8322,4959,5326,6470,6287,4765,6683,7351,7200,7746,6951,3784,9945,6924,8166,5237,4442,7782,8075,10782,6390,4168,7848,6844,7573,3482,8197,8513,6960,6609,7810,4741,5432,5983,7919,6676
7830,5083,7434,9126,9942,6141,8383,5322,6077,5142,6336,7784,5364,9514,5466,8032,5382,11233,6973,5943,8699,6176,7960,8473,4849,6679,10168,8484,6423,10520,7667,7158,8090,5305,6703,4993,7989,6498,6402,6278,7402,6015,7086,6890,4281,7238,5429,9583,4261,6991,4879,6942,7493,8167,8810,6051,5974,7196,7101,8288,7794,8238,7948,8111,8770,5205,5654,6842,6617,5020,7089,7757,7590,8217,7300,3969,10505,7330,8592,5500,4722,8185,8561,11336,6730,4397,8312,7269,7994,3686,8660,8934,7380,6956,8181,4987,5712,6357,8339,7093
8450,5481,7979,9705,10647,6603,8969,5628,6569,5509,6802,8357,5796,10244,5850,8601,5825,12080,7525,6367,9393,6648,8544,9083,5162,7145,10896,9128,6927,11321,8268,7742,8675,5634,7213,5333,8579,6957,6880,6741,7923,6414,7646,7426,4561,7744,5814,10314,4560,7455,5197,7418,8057,8735,9401,6519,6374,7772,7611,8857,8375,8775,8537,8685,9443,5551,6074,7337,7171,5378,7588,8311,8138,8776,7777,4269,11273,7836,9226,5882,5067,8779,9238,12203,7118,4704,8840,7814,8550,3955,9258,9587,7942,7487,8752,5356,6091,6780,8879,7656
8997,5873,8553,10356,11348,7093,9591,5980,7014,5875,7257,8981,6273,10968,6268,9234,6287,12896,8060,6824,10046,7101,9117,9691,5535,7664,11666,9742,7434,12160,8908,8260,9227,6044,7687,5704,9163,7359,7313,7185,8445,6830,8212,8001,4885,8271,6237,11049,4885,8006,5521,7953,8601,9302,10040,6956,6770,8272,8129,9431,9059,9429,9176,9283,10143,5880,6519,7914,7705,5767,8130,8911,8598,9387,8265,4584,12050,8388,9805,6280,5395,9336,9870,13070,7581,5070,9462,8368,9136,4230,9835,10195,8476,7933,9341,5736,6535,7307,9493,8253
9632,6317,9194,11051,12036,7526,10280,6390,7480,6260,7708,9604,6700,11746,6675,9878,6752,13764,8611,7321,10680,7566,9697,10326,5960,8201,12503,10412,7909,12969,9547,8841,9837,6438,8217,6080,9780,7863,7807,7653,9073,7274,8802,8558,5248,8790,6617,11825,5246,8540,5877,8543,9170,9904,10742,7441,7257,8822,8709,10038,9779,10062,9865,9950,10880,6308,7045,8449,8205,6149,8751,9488,9112,10010,8869,4893,12839,8955,10484,6720,5749,10001,10563,13893,8118,5396,10109,8903,9727,4512,10476,10852,9121,8444,9991,6155,6974,7831,10167,8781
10297,6735,9813,11796,12858,8025,10986,6869,7972,6705,8293,10271,7116,12556,7097,10535,7243,14730,9246,7808,11348,8132,10353,11058,6355,8761,13427,11059,8476,13922,10159,9439,10537,6917,8774,6551,10453,8445,8332,8165,9648,7800,9396,9152,5610,9378,7071,12673,5628,9150,6311,9162,9762,10567,11472,7948,7767,9454,9343,10769,10469,10713,10601,10647,11699,6743,7578,9030,8720,6543,9345,10165,9772,10694,9502,5301,13729,9561,11115,7198,6132,10648,11345,14876,8677,5720,10828,9474,10420,4802,11239,11548,9788,9012,10655,6656,7487,8433,10915,9366
10983,7150,10494,12562,13709,8631,11790,7357,8573,7114,8904,10970,7592,13438,7647,11293,7731,15795,9867,8328,12092,8750,11053,11861,6818,9335,14415,11787,9145,14880,10837,10099,11303,7388,9438,7029,11185,9074,8910,8765,10271,8384,10025,9761,5958,10036,7553,13444,6054,9823,6736,9839,10340,11296,12244,8573,8352,10147,10010,11508,11220,11496,11355,11354,12629,7208,8098,9649,9262,6972,9952,10884,10447,11422,10258,5651,14686,10182,11807,7700,6541,11364,12126,15950,9293,6086,11580,10082,11158,5136,11965,12373,10455,9666,11297,7103,8052,9003,11762,10014
11634,7526,11108,13303,14443,9137,12381,7758,9098,7546,9388,11493,7956,14199,8110,11884,8113,16624,10336,8808,12764,9234,11635,12552,7220,9873,15255,12430,9647,15729,11393,10722,11912,7769,9937,7410,11788,9513,9398,9258,10816,8868,10537,10259,6231,10553,7963,14166,6363,10413,7109,10363,10970,11948,12943,9048,8762,10747,10578,12200,11837,12120,11960,11946,13315,7630,8503,10229,9761,7367,10554,11498,11010,12024,10822,5993,15499,10779,12463,8159,6886,12052,12760,16889,9898,6439,12262,10589,11793,5389,12574,13062,11064,10189,11882,7492,8532,9495,12453,10530
12235,7913,11744,14014,15216,9638,13079,8174,9594,7944,9931,12105,8345,14986,8550,12512,8552,17546,10880,9309,13463,9773,12299,13280,7617,10444,16120,13163,10152,16557,12019,11321,12537,8155,10512,7782,12445,10051,9912,9774,11389,9423,11149,10826,6588,11107,8416,14894,6692,11015,7532,10931,11573,12667,13670,9559,9193,11347,11203,12915,12369,12835,12605,12685,13956,8097,8962,10802,10312,7789,11108,12091,11644,12696,11440,6332,16298,11373,13215,8581,7247,12736,13475,17822,10438,6729,13005,11135,12441,5677,13286,13845,11692,10827,12563,7887,9023,9975,13182,11149
13143,8499,12596,14965,16300,10391,14017,8751,10249,8455,10605,12983,8909,16036,9158,13390,9149,18721,11636,9946,14477,10478,13281,14210,8167,11182,17210,14118,10823,17712,12873,12103,13421,8682,11239,8353,13283,10821,10658,10492,12232,10109,11898,11531,7078,11874,8982,16005,7112,11780,8143,11694,12377,13636,14668,10228,9871,12119,12045,13894,13206,13790,13359,13644,14855,8743,9537,11532,11028,8379,11960,12963,12493,13742,12220,6737,17463,12138,14103,9141,7773,13621,14480,19057,11180,7217,14016,11914,13315,6084,14279,14896,12527,11598,13458,8431,9686,10635,14048,11959
14052,9110,13378,16026,17502,11115,15035,9355,10934,9050,11329,13851,9534,17111,9816,14379,9788,20008,12389,10537,15489,11216,14210,15271,8729,11906,18340,15229,11549,18976,13795,12885,14418,9268,12018,8931,14193,11625,11477,11256,13187,10787,12728,12294,7618,12736,9664,17062,7587,12605,8732,12499,13271,14531,15697,10995,10559,12984,12892,14801,14049,14712,14211,14645,15865,9351,10192,12326,11799,9007,12752,13863,13373,14727,13028,7101,18646,12943,15032,9791,8260,14551,15412,20473,11864,7747,15014,12734,14374,6557,15279,15982,13359,12355,14339,9032,10352,11327,14963,12807
14954,9771,14293,17110,18833,11873,16021,10017,11650,9703,12124,14699,10202,18352,10487,15325,10464,21463,13242,11265,16521,11987,15242,16291,9378,12792,19650,16269,12290,20231,14766,13789,15412,9949,12746,9548,15236,12448,12283,12040,14141,11572,13644,13069,8141,13614,10388,18183,8073,13435,9408,13277,14151,15440,16723,11751,11265,13866,13796,15813,14920,15696,15139,15667,16964,9998,10910,13177,12613,9662,13628,14861,14262,15741,13893,7572,19935,13855,16119,10465,8800,15527,16484,21891,12635,8274,16006,13667,15432,6970,16306,17112,14253,13197,15358,9626,11052,12151,15944,13698
15929,10449,15338,18275,20105,12657,17061,10690,12457,10383,12931,15675,10917,19556,11158,16385,11188,22972,14127,12079,17640,12828,16255,17360,10010,13664,20961,17432,13129,21617,15791,14681,16449,10649,13602,10125,16329,13266,13081,12867,15147,12340,14585,14005,8692,14573,11131,19495,8595,14349,10026,14188,15108,16416,17974,12536,12037,14778,14795,16943,15973,16782,16172,16736,18102,10637,11612,14111,13559,10377,14493,15845,15312,16840,14826,8085,21276,14811,17293,11148,9394,16562,17726,23387,13491,8835,17071,14597,16563,7408,17445,18342,15224,14024,16438,10273,11789,13058,17073,14708
17039,11219,16563,19500,21531,13590,18206,11399,13272,11061,13791,16761,11714,20879,11922,17489,11941,24590,15140,12945,18869,13744,17311,18574,10631,14656,22440,18572,14091,23085,16901,15710,17581,11398,14593,10886,17424,14156,13999,13724,16179,13124,15696,15041,9277,15688,11845,20900,9186,15342,10702,15281,16210,17472,19260,13466,12796,15781,15798,18077,16999,17910,17301,17816,19319,11348,12348,15032,14555,11079,15451,16961,16359,18014,15819,8596,22691,15806,18441,11942,10098,17696,19080,25044,14434,9520,18238,15634,17670,7916,18614,19546,16284,15014,17565,10993,12549,13946,18179,15791
18005,11841,17494,20466,22644,14295,19096,12091,14019,11656,14513,17652,12398,22089,12611,18542,12585,25863,15970,13623,19959,14407,18283,19581,11202,15431,23629,19549,14869,24279,17762,16624,18499,12020,15401,11490,18427,14937,14759,14399,17009,13823,16522,15829,9768,16547,12467,22051,9753,16183,11264,16191,17153,18393,20286,14220,13453,16670,16670,18987,18024,18905,18313,18803,20476,11990,13025,15767,15386,11666,16262,17919,17246,19000,16632,9046,23925,16685,19506,12610,10699,18648,20067,26404,15130,10039,19197,16539,18579,8361,19616,20612,17131,15822,18524,11604,13178,14742,19065,16610
19016,12484,18415,21493,23851,15029,20127,12751,14772,12260,15342,18690,13121,23316,13279,19539,13344,27224,16863,14356,20994,15223,19242,20626,11865,16272,24947,20611,15716,25608,18753,17596,19441,12733,16273,12138,19407,15765,15515,15204,17927,14577,17431,16707,10310,17362,13136,23203,10282,17060,11857,17069,18060,19419,21415,14973,14263,17540,17591,20078,19042,19922,19375,19820,21674,12663,13808,16648,16183,12311,17180,18830,18105,20050,17538,9559,25278,17471,20556,13255,11255,19723,21187,27774,15895,10570,20189,17428,19629,8776,20680,21697,18078,16664,19447,12284,13891,15608,20126,17492
20331,13374,19687,23014,25476,16133,21560,13679,15876,13069,16435,20020,14085,25013,14182,20936,14352,29103,18036,15348,22479,16293,20517,22062,12696,17470,26749,22104,16823,27516,20123,18841,20808,13581,17528,13031,20629,16848,16603,16237,19122,15652,18727,17959,11041,18551,14052,24765,11070,18248,12660,18305,19279,20798,22930,16063,15259,18836,18830,21592,20541,21309,20804,21240,23182,13587,14795,17954,17335,13143,18407,20196,19353,21330,18804,10254,27070,18629,21921,14142,11993,21122,22759,29756,17051,11280,21669,18648,20993,9391,22197,23132,19373,17940,20818,13153,14942,16726,21628,18781
